Conjunto,RMSE,MAE,R2
Treino,0.091240,0.067366,0.991765
Teste,0.136115,0.103540,0.980625
