    Set,MAE,R2,RMSE
    Teste,0.12158723833502603,0.9731304946759454,0.16029481455649644
    Treino,0.12414738883540914,0.9739040906134743,0.16242274886847735
