Set,MAE,R2,RMSE
Teste,0.1041593599103983,0.9801516980284379,0.13776894009317386
Treino,0.06981819429412049,0.9909170238541628,0.09582409476918784
